sample_name,toggle,protocol,organism,read_type,cell_type,problem,umi_status,umi_length,data_source,read1,read2,srr,srx,Sample_title,Sample_geo_accession,Sample_source_name_ch1,Sample_characteristics_ch1,Sample_extract_protocol_ch1,Sample_description,Sample_data_processing,Sample_platform_id,Sample_contact_name,Sample_contact_email,Sample_contact_laboratory,Sample_contact_department,Sample_contact_institute,Sample_contact_address,Sample_contact_city,Sample_contact_zip/postal_code,Sample_contact_country,Sample_instrument_model,Sample_library_selection,Sample_library_source,Sample_library_strategy,Sample_relation,gsm_id,Sample_supplementary_file_1,Sample_supplementary_file_2,Sample_series_id
HelaS3_gro,1,GRO,human,SINGLE,HelaS3,pause_index,FALSE,0,SRA,R,,SRR169361[1-2],SRX796411,HelaS3_GRO-seq,GSM1558746,HelaS3_cells,cell type: HelaS3,"For 5’GRO-seq, immunoprecipitated RNA was dephosphorylated with calf intestinal phosphatase (NEB). Then 5′ capped fragments were de-capped with tobacco acid pyrophosphatase (Epicentre). Illumina TruSeq adapters were ligated to the RNA 3′ and 5′ ends with truncated mutant RNA ligase 2 (K227Q) and RNA ligase 1 (NEB), respectively. Reverse transcription was performed with Superscript III (Invitrogen) followed by PCR amplification for 12 cycles. Final libraries were size selected on PAGE/TBE gels to 175–225 bp. GRO-seq was essentially performed as 5’GRO-seq but the immunoprecipitated RNA was directly de-capped with tobacco acid pyrophosphatase (Epicentre) and subsequently kinased with PNK (NEB) prior to adapter ligation.",run-on RNA,Supplementary_files_format_and_content: bedGraph files are split by strand and scores represent the number of read 5'ends that aligned at that coordinate. .bed cluster file represent 5'-GRO-seq peak coordinates where column 3 is a unique identifier and column 4 is the coordinate of the position in the cluster containing the most reads (cluster mode),GPL16791,"Scott,Allen,Lacadie",scott.lacadie@mdc-berlin.de,Ohler,Berlin Institute for Medical Systems Biology,Max Delbrück Center for Molecular Medicine,Robert-Rössle-Str. 10,Berlin-Buch,13092,Germany,Illumina HiSeq 2500,cDNA,transcriptomic,RNA-Seq,SRA: https://www.ncbi.nlm.nih.gov/sra?term,GSM1558746,ftp://ftp.ncbi.nlm.nih.gov/geo/samples/GSM1558nnn/GSM1558746/suppl/GSM1558746_GRO-seq_signal_minus.bedGraph.gz,ftp://ftp.ncbi.nlm.nih.gov/geo/samples/GSM1558nnn/GSM1558746/suppl/GSM1558746_GRO-seq_signal_plus.bedGraph.gz,GSE63872
K562_pro,1,PRO,human,SINGLE,K562,fragment_size_PE1 / mRNAcontamination,FALSE,0,SRA,R,,SRR155431[1-2],SRX683602,K562 PRO-Seq,GSM1480327,K562 cells,pull-down substrate: streptavidin,"PRO-seq libraries were prepared as described previously (Kwak et al., 2013). Briefly, 5×10^6 nuclei were added to 2 X Nuclear Run-On (NRO) reaction mixture (10 mM Tris-HCl pH 8.0, 300 mM KCl, 1% Sarkosyl, 5 mM MgCl2, 1 mM DTT, 0.375 mM each of biotin-11-A/C/G/UTP (Perkin-Elmer), 0.8 u/µl RNase inhibitor) and incubated for 3 min at 30˚C. Nascent RNA was extracted and fragmented by base hydrolysis in 0.2 N NaOH on ice for 10~12 min, and neutralized by adding 1 X volume of 1 M Tris-HCl pH 6.8. Fragmented nascent RNA was purified using streptavidin beads, ligated with reverse 3' RNA adapter (5'p-GAUCGUCGGACUG-UAGAACUCUGAAC-/3'InvdT/), and biotin-labeled products were enriched by another round of streptavidin bead binding and extraction. For 5' end repair, the RNA products were successively treated with tobacco acid pyrophosphatase (TAP, Epicentre) and polynucleotide kinase (PNK, NEB). 5' repaired RNA was ligated to reverse 5' RNA adaptor (5'-CCUUGGCACCCGAGAAUUCCA-3') before being further purified by the third round of streptavidin bead binding and extraction. RNA was reverse transcribed using 25 pmol Illumina RP1 primer (5'-AATGATACGGCGACCACCGACAGGTTCAGAGTTCTACAGTCCGA-3'). The product was amplified 15 cycles and products greater than 120 bp (insert > 70 bp) were PAGE purified before being analyzed by Illumina HiSeq 2500 instrument.",This Sample represents two sequencing replicates.,Supplementary_files_format_and_content: Processed data files are bigWigs. Each entry represents the number of reads at each base.,GPL16791,"Leighton,James,Core",ljc37@cornell.edu,John T. Lis,Moleular Biology and Genetics,Cornell University,417 Biotechnology Building,Ithaca,14853,USA,Illumina HiSeq 2500,other,transcriptomic,OTHER,SRA: https://www.ncbi.nlm.nih.gov/sra?term,GSM1480327,ftp://ftp.ncbi.nlm.nih.gov/geo/samples/GSM1480nnn/GSM1480327/suppl/GSM1480327_K562_PROseq_minus.bw,ftp://ftp.ncbi.nlm.nih.gov/geo/samples/GSM1480nnn/GSM1480327/suppl/GSM1480327_K562_PROseq_plus.bw,GSE60456
K562_10pct_spike-in,0,PRO,human,SINGLE,K562,fragment_size_PE1 / mRNAcontamination,FALSE,0,SRA,S,,K562_10pct_spike-in,,K562 RNA spike-in 10pct,,K562 cells,,,,,,,,,,,,,,,,,,,,,,,
K562_20pct_spike-in,0,PRO,human,SINGLE,K562,fragment_size_PE1 / mRNAcontamination,FALSE,0,SRA,S,,K562_20pct_spike-in,,K562 RNA spike-in 20pct,,K562 cells,,,,,,,,,,,,,,,,,,,,,,,
K562_30pct_spike-in,0,PRO,human,SINGLE,K562,fragment_size_PE1 / mRNAcontamination,FALSE,0,SRA,S,,K562_30pct_spike-in,,K562 RNA spike-in 30pct,,K562 cells,,,,,,,,,,,,,,,,,,,,,,,
K562_40pct_spike-in,0,PRO,human,SINGLE,K562,fragment_size_PE1 / mRNAcontamination,FALSE,0,SRA,S,,K562_40pct_spike-in,,K562 RNA spike-in 40pct,,K562 cells,,,,,,,,,,,,,,,,,,,,,,,
K562_50pct_spike-in,0,PRO,human,SINGLE,K562,fragment_size_PE1 / mRNAcontamination,FALSE,0,SRA,S,,K562_50pct_spike-in,,K562 RNA spike-in 50pct,,K562 cells,,,,,,,,,,,,,,,,,,,,,,,
K562_60pct_spike-in,0,PRO,human,SINGLE,K562,fragment_size_PE1 / mRNAcontamination,FALSE,0,SRA,S,,K562_60pct_spike-in,,K562 RNA spike-in 60pct,,K562 cells,,,,,,,,,,,,,,,,,,,,,,,
K562_70pct_spike-in,0,PRO,human,SINGLE,K562,fragment_size_PE1 / mRNAcontamination,FALSE,0,SRA,S,,K562_70pct_spike-in,,K562 RNA spike-in 70pct,,K562 cells,,,,,,,,,,,,,,,,,,,,,,,
K562_80pct_spike-in,0,PRO,human,SINGLE,K562,fragment_size_PE1 / mRNAcontamination,FALSE,0,SRA,S,,K562_80pct_spike-in,,K562 RNA spike-in 80pct,,K562 cells,,,,,,,,,,,,,,,,,,,,,,,
K562_90pct_spike-in,0,PRO,human,SINGLE,K562,fragment_size_PE1 / mRNAcontamination,FALSE,0,SRA,S,,K562_90pct_spike-in,,K562 RNA spike-in 90pct,,K562 cells,,,,,,,,,,,,,,,,,,,,,,,
K562_gro,1,GRO,human,SINGLE,K562,pause_index,FALSE,0,SRA,R,,SRR1552484,SRX682020,K562 GRO-seq,GSM1480325,K562 cells,"antibody: anti-BrU (Santa Cruz Biotechnology, sc-32323-ac, lot# I2111)","GRO-seq libraries were prepared as in Core et al. (Core, Waterfall, and Lis, 2008), with the following modifications. Trizol (Invitrogen) was used to stop the reaction instead of DNase I and proteinase K treatment. The RNA was further extracted once with acid phenol:chloroform, and once with chloroform before precipitating with 2.5 volumes of -20oC ethanol. Bead binding buffers all contained 4units/ml of SUPERaseIN (Ambion) and the following buffers were slightly modified. Bead blocking buffer: 0.25X SSPE, 1mM EDTA, 0.05% Tween, 0.1% PVP, and 1mg/ml ultrapure BSA (Ambion); Binding buffer: 0.25XSSPE, 37.5mM NaCl, 1mM EDTA, 0.05% tween; Low-salt wash buffer: 0.2X SSPE, 1mM EDTA, 0.05% Tween. High-salt wash buffer: 0.25% SSPE, 137.5mM NaCl, 1mM EDTA, 0.05% Tween. The end repair steps were modified as follows. Pelleted RNA from the first bead binding was resuspended in 20ul, and heated to 70oC for 5min, followed by incubation on ice for 2min. 1.5ul tobacco acid pyrophosphatase (TAP) buffer, 4.5ul water, 1 ul SUPERaseIn, and 1.5ul TAP (Epicentre) were then added and the reaction incubated at 37oC for 1.5 hours. 1ul 300mM MgCl2 and 1ul T4 polynucleotide Kinase (PNK) were added to the reaction for an additional protocols l 30 min. for phosphorylating the 5'-ends, 20ul T4 PNK buffer, 2ul 100mM ATP, 145ul water, 1ul SUPERaseIn, and an additional 2ul of PNK were added for 30 min at 37oC. The reaction was then stopped by addition of 20mM EDTA followed by acid phenol extraction and precipitation.",cDNA (from nascent RNA),Supplementary_files_format_and_content: Processed data files are bigWigs of each sample. Each entry represents the number of reads at each base.,GPL11154,"Leighton,James,Core",ljc37@cornell.edu,John T. Lis,Moleular Biology and Genetics,Cornell University,417 Biotechnology Building,Ithaca,14853,USA,Illumina HiSeq 2000,other,transcriptomic,OTHER,SRA: https://www.ncbi.nlm.nih.gov/sra?term,GSM1480325,ftp://ftp.ncbi.nlm.nih.gov/geo/samples/GSM1480nnn/GSM1480325/suppl/GSM1480325_K562_GROseq_minus.bigWig,ftp://ftp.ncbi.nlm.nih.gov/geo/samples/GSM1480nnn/GSM1480325/suppl/GSM1480325_K562_GROseq_plus.bigWig,GSE60456
Jurkat_ChRO_1,1,PRO,human,SINGLE,Jurkat,fragment_size_PE1,true_6,6,SRA,R,,SRR7616133,SRX4480700,Jurkat chromatin run-on 1 [ChRO-seq],GSM3309956,Jurkat T-cells,batch: 1,We prepared PRO-seq libraries as described in Kwak et. al. (2013) Science.,Jurkat chromatin run-on,Supplementary_files_format_and_content: *bw: Mapped reads are provided in bigWig format.,GPL18573,"Charles,G,Danko",dankoc@gmail.com,Danko Lab,Baker Institute,Cornell University,Hungerford Hill Rd,Ithaca,14853,USA,Illumina NextSeq 500,other,transcriptomic,OTHER,SRA: https://www.ncbi.nlm.nih.gov/sra?term,GSM3309956,ftp://ftp.ncbi.nlm.nih.gov/geo/samples/GSM3309nnn/GSM3309956/suppl/GSM3309956_5587_5598_24205_HGC2FBGXX_J_CHR_TGACCA_R1_minus.bw,ftp://ftp.ncbi.nlm.nih.gov/geo/samples/GSM3309nnn/GSM3309956/suppl/GSM3309956_5587_5598_24205_HGC2FBGXX_J_CHR_TGACCA_R1_plus.bw,GSE117832
Jurkat_ChRO_2,1,PRO,human,SINGLE,Jurkat,fragment_size_PE1,true_6,6,SRA,R,,SRR7616134,SRX4480701,Jurkat chromatin run-on 2 [ChRO-seq],GSM3309957,Jurkat T-cells,batch: 2,We prepared PRO-seq libraries as described in Kwak et. al. (2013) Science.,Jurkat chromatin run-on,Supplementary_files_format_and_content: *bw: Mapped reads are provided in bigWig format.,GPL18573,"Charles,G,Danko",dankoc@gmail.com,Danko Lab,Baker Institute,Cornell University,Hungerford Hill Rd,Ithaca,14853,USA,Illumina NextSeq 500,other,transcriptomic,OTHER,SRA: https://www.ncbi.nlm.nih.gov/sra?term,GSM3309957,ftp://ftp.ncbi.nlm.nih.gov/geo/samples/GSM3309nnn/GSM3309957/suppl/GSM3309957_Jurkat_ChRO_NoRNase_minus.bw,ftp://ftp.ncbi.nlm.nih.gov/geo/samples/GSM3309nnn/GSM3309957/suppl/GSM3309957_Jurkat_ChRO_NoRNase_plus.bw,GSE117832
HEK_TIR1_rep1,0,PRO,human,PAIRED,HEK293T,fragment_size_PE2 / mRNAcontamination,true_8,8,SRA,R1,R2,SRR8608055,SRX5407469,HEK_TIR1_rep1,GSM3618128,HEK-293T cells,cell line: HEK-293T,See PMID: 27492368,nascent RNA,Supplementary_files_format_and_content: stranded bigWig counts files,GPL18573,"Michael,Joseph,Guertin",guertin@virginia.edu,Guertin,Biochemistry and Molecular Genetics,University of Virginia,jefferson park ave.,Charlottesville,22903,USA,Illumina NextSeq 500,other,transcriptomic,OTHER,SRA: https://www.ncbi.nlm.nih.gov/sra?term,GSM3618128,ftp://ftp.ncbi.nlm.nih.gov/geo/samples/GSM3618nnn/GSM3618128/suppl/GSM3618128_HEK_TIR1_rep1_PE1_minus_body_0-mer.bigWig,ftp://ftp.ncbi.nlm.nih.gov/geo/samples/GSM3618nnn/GSM3618128/suppl/GSM3618128_HEK_TIR1_rep1_PE1_plus_body_0-mer.bigWig,GSE126919
HEK_TIR1_rep2,0,PRO,human,PAIRED,HEK293T,fragment_size_PE2 / mRNAcontamination,true_8,8,SRA,R1,R2,SRR8608056,SRX5407470,HEK_TIR1_rep2,GSM3618129,HEK-293T cells,cell line: HEK-293T,See PMID: 27492368,nascent RNA,Supplementary_files_format_and_content: stranded bigWig counts files,GPL18573,"Michael,Joseph,Guertin",guertin@virginia.edu,Guertin,Biochemistry and Molecular Genetics,University of Virginia,jefferson park ave.,Charlottesville,22903,USA,Illumina NextSeq 500,other,transcriptomic,OTHER,SRA: https://www.ncbi.nlm.nih.gov/sra?term,GSM3618129,ftp://ftp.ncbi.nlm.nih.gov/geo/samples/GSM3618nnn/GSM3618129/suppl/GSM3618129_HEK_TIR1_rep2_PE1_minus_body_0-mer.bigWig,ftp://ftp.ncbi.nlm.nih.gov/geo/samples/GSM3618nnn/GSM3618129/suppl/GSM3618129_HEK_TIR1_rep2_PE1_plus_body_0-mer.bigWig,GSE126919
HEK_TIR1_rep3,0,PRO,human,PAIRED,HEK293T,fragment_size_PE2 / mRNAcontamination,true_8,8,SRA,R1,R2,SRR8608057,SRX5407471,HEK_TIR1_rep3,GSM3618130,HEK-293T cells,cell line: HEK-293T,See PMID: 27492368,nascent RNA,Supplementary_files_format_and_content: stranded bigWig counts files,GPL18573,"Michael,Joseph,Guertin",guertin@virginia.edu,Guertin,Biochemistry and Molecular Genetics,University of Virginia,jefferson park ave.,Charlottesville,22903,USA,Illumina NextSeq 500,other,transcriptomic,OTHER,SRA: https://www.ncbi.nlm.nih.gov/sra?term,GSM3618130,ftp://ftp.ncbi.nlm.nih.gov/geo/samples/GSM3618nnn/GSM3618130/suppl/GSM3618130_HEK_TIR1_rep3_PE1_minus_body_0-mer.bigWig,ftp://ftp.ncbi.nlm.nih.gov/geo/samples/GSM3618nnn/GSM3618130/suppl/GSM3618130_HEK_TIR1_rep3_PE1_plus_body_0-mer.bigWig,GSE126919
HEK_TIR1_rep4,0,PRO,human,PAIRED,HEK293T,fragment_size_PE2 / mRNAcontamination,true_8,8,SRA,R1,R2,SRR8608058,SRX5407472,HEK_TIR1_rep4,GSM3618131,HEK-293T cells,cell line: HEK-293T,See PMID: 27492368,nascent RNA,Supplementary_files_format_and_content: stranded bigWig counts files,GPL18573,"Michael,Joseph,Guertin",guertin@virginia.edu,Guertin,Biochemistry and Molecular Genetics,University of Virginia,jefferson park ave.,Charlottesville,22903,USA,Illumina NextSeq 500,other,transcriptomic,OTHER,SRA: https://www.ncbi.nlm.nih.gov/sra?term,GSM3618131,ftp://ftp.ncbi.nlm.nih.gov/geo/samples/GSM3618nnn/GSM3618131/suppl/GSM3618131_HEK_TIR1_rep4_PE1_minus_body_0-mer.bigWig,ftp://ftp.ncbi.nlm.nih.gov/geo/samples/GSM3618nnn/GSM3618131/suppl/GSM3618131_HEK_TIR1_rep4_PE1_plus_body_0-mer.bigWig,GSE126919
HEK_TIR1_ZNF143AID_Auxin_rep4,1,PRO,human,PAIRED,HEK293T,very intact RNA,true_8,8,SRA,H1,H2,SRR8608074,SRX5407488,HEK_TIR1_ZNF143AID_Auxin_rep4,GSM3618147,HEK-293T cells,cell line: HEK-293T,,,,,,,,,,,,,,,,,,,GSM3618147,,,
HEK_TIR1_ZNF143AID_ARF_Auxin_rep4,1,PRO,human,PAIRED,HEK293T,very degraded library (post Pol liberation),true_8,8,SRA,H1,H2,SRR8608070,SRX5407484,HEK_TIR1_ZNF143AID_ARF_Auxin_rep4,GSM3618143,HEK-293T cells,cell line: HEK-293T,,,,,,,,,,,,,,,,,,,,,,
H9_200nM_romidepsin_rep1,1,PRO,human,PAIRED,H9,,true_8,8,SRA,H1,H2,H9_200nM_romidepsin_rep1,,H9_200nM_romidepsin_rep1,GSM4214083,H9 cells,,,,,,,,,,,,,,,,,,,,,,,
H9_200nM_romidepsin_rep2,1,PRO,human,PAIRED,H9,,true_8,8,SRA,H1,H2,H9_200nM_romidepsin_rep2,,H9_200nM_romidepsin_rep2,GSM4214084,H9 cells,,,,,,,,,,,,,,,,,,,,,,,
H9_200nM_romidepsin_rep3,1,PRO,human,PAIRED,H9,,true_8,8,SRA,H1,H2,H9_200nM_romidepsin_rep3,,H9_200nM_romidepsin_rep3,GSM4214085,H9 cells,,,,,,,,,,,,,,,,,,,,,,,
H9_DMSO_rep1,1,PRO,human,PAIRED,H9,,true_8,8,SRA,H1,H2,H9_DMSO_rep1,,H9_DMSO_rep1,GSM4214080,H9 cells,,,,,,,,,,,,,,,,,,,,,,,
H9_DMSO_rep2,1,PRO,human,PAIRED,H9,,true_8,8,SRA,H1,H2,H9_DMSO_rep2,,H9_DMSO_rep2,GSM4214081,H9 cells,,,,,,,,,,,,,,,,,,,,,,,
H9_DMSO_rep3,1,PRO,human,PAIRED,H9,,true_8,8,SRA,H1,H2,H9_DMSO_rep3,,H9_DMSO_rep3,GSM4214082,H9 cells,,,,,,,,,,,,,,,,,,,,,,,
K562_10pct_rc_spike-in,0,PRO,human,SINGLE,K562,fragment_size_PE1 / mRNAcontamination,FALSE,0,SRA,S,,K562_10pct_RNArc,,K562 RNA spike-in 10pct RC,,K562 cells,,,,,,,,,,,,,,,,,,,,,,,
K562_20pct_rc_spike-in,0,PRO,human,SINGLE,K562,fragment_size_PE1 / mRNAcontamination,FALSE,0,SRA,S,,K562_20pct_RNArc,,K562 RNA spike-in 20pct RC,,K562 cells,,,,,,,,,,,,,,,,,,,,,,,
K562_30pct_rc_spike-in,0,PRO,human,SINGLE,K562,fragment_size_PE1 / mRNAcontamination,FALSE,0,SRA,S,,K562_30pct_RNArc,,K562 RNA spike-in 30pct RC,,K562 cells,,,,,,,,,,,,,,,,,,,,,,,
K562_40pct_rc_spike-in,0,PRO,human,SINGLE,K562,fragment_size_PE1 / mRNAcontamination,FALSE,0,SRA,S,,K562_40pct_RNArc,,K562 RNA spike-in 40pct RC,,K562 cells,,,,,,,,,,,,,,,,,,,,,,,
K562_50pct_rc_spike-in,0,PRO,human,SINGLE,K562,fragment_size_PE1 / mRNAcontamination,FALSE,0,SRA,S,,K562_50pct_RNArc,,K562 RNA spike-in 50pct RC,,K562 cells,,,,,,,,,,,,,,,,,,,,,,,
K562_60pct_rc_spike-in,0,PRO,human,SINGLE,K562,fragment_size_PE1 / mRNAcontamination,FALSE,0,SRA,S,,K562_60pct_RNArc,,K562 RNA spike-in 60pct RC,,K562 cells,,,,,,,,,,,,,,,,,,,,,,,
K562_70pct_rc_spike-in,0,PRO,human,SINGLE,K562,fragment_size_PE1 / mRNAcontamination,FALSE,0,SRA,S,,K562_70pct_RNArc,,K562 RNA spike-in 70pct RC,,K562 cells,,,,,,,,,,,,,,,,,,,,,,,
K562_80pct_rc_spike-in,0,PRO,human,SINGLE,K562,fragment_size_PE1 / mRNAcontamination,FALSE,0,SRA,S,,K562_80pct_RNArc,,K562 RNA spike-in 80pct RC,,K562 cells,,,,,,,,,,,,,,,,,,,,,,,
K562_90pct_rc_spike-in,0,PRO,human,SINGLE,K562,fragment_size_PE1 / mRNAcontamination,FALSE,0,SRA,S,,K562_90pct_RNArc,,K562 RNA spike-in 90pct RC,,K562 cells,,,,,,,,,,,,,,,,,,,,,,,
K562_10pct_spike-in_r1,0,PRO,human,SINGLE,K562,fragment_size_PE1 / mRNAcontamination,FALSE,0,SRA,S1,,K562_10pct_spike-in_r1,,K562 RNA spike-in 10pct,,K562 cells,,,,,,,,,,,,,,,,,,,,,,,
K562_20pct_spike-in_r1,0,PRO,human,SINGLE,K562,fragment_size_PE1 / mRNAcontamination,FALSE,0,SRA,S1,,K562_20pct_spike-in_r1,,K562 RNA spike-in 20pct,,K562 cells,,,,,,,,,,,,,,,,,,,,,,,
K562_30pct_spike-in_r1,0,PRO,human,SINGLE,K562,fragment_size_PE1 / mRNAcontamination,FALSE,0,SRA,S1,,K562_30pct_spike-in_r1,,K562 RNA spike-in 30pct,,K562 cells,,,,,,,,,,,,,,,,,,,,,,,
K562_40pct_spike-in_r1,0,PRO,human,SINGLE,K562,fragment_size_PE1 / mRNAcontamination,FALSE,0,SRA,S1,,K562_40pct_spike-in_r1,,K562 RNA spike-in 40pct,,K562 cells,,,,,,,,,,,,,,,,,,,,,,,
K562_50pct_spike-in_r1,0,PRO,human,SINGLE,K562,fragment_size_PE1 / mRNAcontamination,FALSE,0,SRA,S1,,K562_50pct_spike-in_r1,,K562 RNA spike-in 50pct,,K562 cells,,,,,,,,,,,,,,,,,,,,,,,
K562_60pct_spike-in_r1,0,PRO,human,SINGLE,K562,fragment_size_PE1 / mRNAcontamination,FALSE,0,SRA,S1,,K562_60pct_spike-in_r1,,K562 RNA spike-in 60pct,,K562 cells,,,,,,,,,,,,,,,,,,,,,,,
K562_70pct_spike-in_r1,0,PRO,human,SINGLE,K562,fragment_size_PE1 / mRNAcontamination,FALSE,0,SRA,S1,,K562_70pct_spike-in_r1,,K562 RNA spike-in 70pct,,K562 cells,,,,,,,,,,,,,,,,,,,,,,,
K562_80pct_spike-in_r1,0,PRO,human,SINGLE,K562,fragment_size_PE1 / mRNAcontamination,FALSE,0,SRA,S1,,K562_80pct_spike-in_r1,,K562 RNA spike-in 80pct,,K562 cells,,,,,,,,,,,,,,,,,,,,,,,
K562_90pct_spike-in_r1,0,PRO,human,SINGLE,K562,fragment_size_PE1 / mRNAcontamination,FALSE,0,SRA,S1,,K562_90pct_spike-in_r1,,K562 RNA spike-in 90pct,,K562 cells,,,,,,,,,,,,,,,,,,,,,,,
K562_10pct_spike-in_r2,0,PRO,human,SINGLE,K562,fragment_size_PE1 / mRNAcontamination,FALSE,0,SRA,S1,,K562_10pct_spike-in_r2,,K562 RNA spike-in 10pct,,K562 cells,,,,,,,,,,,,,,,,,,,,,,,
K562_20pct_spike-in_r2,0,PRO,human,SINGLE,K562,fragment_size_PE1 / mRNAcontamination,FALSE,0,SRA,S1,,K562_20pct_spike-in_r2,,K562 RNA spike-in 20pct,,K562 cells,,,,,,,,,,,,,,,,,,,,,,,
K562_30pct_spike-in_r2,0,PRO,human,SINGLE,K562,fragment_size_PE1 / mRNAcontamination,FALSE,0,SRA,S1,,K562_30pct_spike-in_r2,,K562 RNA spike-in 30pct,,K562 cells,,,,,,,,,,,,,,,,,,,,,,,
K562_40pct_spike-in_r2,0,PRO,human,SINGLE,K562,fragment_size_PE1 / mRNAcontamination,FALSE,0,SRA,S1,,K562_40pct_spike-in_r2,,K562 RNA spike-in 40pct,,K562 cells,,,,,,,,,,,,,,,,,,,,,,,
K562_50pct_spike-in_r2,0,PRO,human,SINGLE,K562,fragment_size_PE1 / mRNAcontamination,FALSE,0,SRA,S1,,K562_50pct_spike-in_r2,,K562 RNA spike-in 50pct,,K562 cells,,,,,,,,,,,,,,,,,,,,,,,
K562_60pct_spike-in_r2,0,PRO,human,SINGLE,K562,fragment_size_PE1 / mRNAcontamination,FALSE,0,SRA,S1,,K562_60pct_spike-in_r2,,K562 RNA spike-in 60pct,,K562 cells,,,,,,,,,,,,,,,,,,,,,,,
K562_70pct_spike-in_r2,0,PRO,human,SINGLE,K562,fragment_size_PE1 / mRNAcontamination,FALSE,0,SRA,S1,,K562_70pct_spike-in_r2,,K562 RNA spike-in 70pct,,K562 cells,,,,,,,,,,,,,,,,,,,,,,,
K562_80pct_spike-in_r2,0,PRO,human,SINGLE,K562,fragment_size_PE1 / mRNAcontamination,FALSE,0,SRA,S1,,K562_80pct_spike-in_r2,,K562 RNA spike-in 80pct,,K562 cells,,,,,,,,,,,,,,,,,,,,,,,
K562_90pct_spike-in_r2,0,PRO,human,SINGLE,K562,fragment_size_PE1 / mRNAcontamination,FALSE,0,SRA,S1,,K562_90pct_spike-in_r2,,K562 RNA spike-in 90pct,,K562 cells,,,,,,,,,,,,,,,,,,,,,,,
K562_10pct_rc_spike-in_r1,0,PRO,human,SINGLE,K562,fragment_size_PE1 / mRNAcontamination,FALSE,0,SRA,S1,,K562_10pct_RNArc_r1,,K562 RNA spike-in 10pct RC,,K562 cells,,,,,,,,,,,,,,,,,,,,,,,
K562_20pct_rc_spike-in_r1,0,PRO,human,SINGLE,K562,fragment_size_PE1 / mRNAcontamination,FALSE,0,SRA,S1,,K562_20pct_RNArc_r1,,K562 RNA spike-in 20pct RC,,K562 cells,,,,,,,,,,,,,,,,,,,,,,,
K562_30pct_rc_spike-in_r1,0,PRO,human,SINGLE,K562,fragment_size_PE1 / mRNAcontamination,FALSE,0,SRA,S1,,K562_30pct_RNArc_r1,,K562 RNA spike-in 30pct RC,,K562 cells,,,,,,,,,,,,,,,,,,,,,,,
K562_40pct_rc_spike-in_r1,0,PRO,human,SINGLE,K562,fragment_size_PE1 / mRNAcontamination,FALSE,0,SRA,S1,,K562_40pct_RNArc_r1,,K562 RNA spike-in 40pct RC,,K562 cells,,,,,,,,,,,,,,,,,,,,,,,
K562_50pct_rc_spike-in_r1,0,PRO,human,SINGLE,K562,fragment_size_PE1 / mRNAcontamination,FALSE,0,SRA,S1,,K562_50pct_RNArc_r1,,K562 RNA spike-in 50pct RC,,K562 cells,,,,,,,,,,,,,,,,,,,,,,,
K562_60pct_rc_spike-in_r1,0,PRO,human,SINGLE,K562,fragment_size_PE1 / mRNAcontamination,FALSE,0,SRA,S1,,K562_60pct_RNArc_r1,,K562 RNA spike-in 60pct RC,,K562 cells,,,,,,,,,,,,,,,,,,,,,,,
K562_70pct_rc_spike-in_r1,0,PRO,human,SINGLE,K562,fragment_size_PE1 / mRNAcontamination,FALSE,0,SRA,S1,,K562_70pct_RNArc_r1,,K562 RNA spike-in 70pct RC,,K562 cells,,,,,,,,,,,,,,,,,,,,,,,
K562_80pct_rc_spike-in_r1,0,PRO,human,SINGLE,K562,fragment_size_PE1 / mRNAcontamination,FALSE,0,SRA,S1,,K562_80pct_RNArc_r1,,K562 RNA spike-in 80pct RC,,K562 cells,,,,,,,,,,,,,,,,,,,,,,,
K562_90pct_rc_spike-in_r1,0,PRO,human,SINGLE,K562,fragment_size_PE1 / mRNAcontamination,FALSE,0,SRA,S1,,K562_90pct_RNArc_r1,,K562 RNA spike-in 90pct RC,,K562 cells,,,,,,,,,,,,,,,,,,,,,,,
K562_10pct_rc_spike-in_r2,1,PRO,human,SINGLE,K562,fragment_size_PE1 / mRNAcontamination,FALSE,0,SRA,S1,,K562_10pct_RNArc_r2,,K562 RNA spike-in 10pct RC,,K562 cells,,,,,,,,,,,,,,,,,,,,,,,
K562_20pct_rc_spike-in_r2,1,PRO,human,SINGLE,K562,fragment_size_PE1 / mRNAcontamination,FALSE,0,SRA,S1,,K562_20pct_RNArc_r2,,K562 RNA spike-in 20pct RC,,K562 cells,,,,,,,,,,,,,,,,,,,,,,,
K562_30pct_rc_spike-in_r2,1,PRO,human,SINGLE,K562,fragment_size_PE1 / mRNAcontamination,FALSE,0,SRA,S1,,K562_30pct_RNArc_r2,,K562 RNA spike-in 30pct RC,,K562 cells,,,,,,,,,,,,,,,,,,,,,,,
K562_40pct_rc_spike-in_r2,1,PRO,human,SINGLE,K562,fragment_size_PE1 / mRNAcontamination,FALSE,0,SRA,S1,,K562_40pct_RNArc_r2,,K562 RNA spike-in 40pct RC,,K562 cells,,,,,,,,,,,,,,,,,,,,,,,
K562_50pct_rc_spike-in_r2,1,PRO,human,SINGLE,K562,fragment_size_PE1 / mRNAcontamination,FALSE,0,SRA,S1,,K562_50pct_RNArc_r2,,K562 RNA spike-in 50pct RC,,K562 cells,,,,,,,,,,,,,,,,,,,,,,,
K562_60pct_rc_spike-in_r2,1,PRO,human,SINGLE,K562,fragment_size_PE1 / mRNAcontamination,FALSE,0,SRA,S1,,K562_60pct_RNArc_r2,,K562 RNA spike-in 60pct RC,,K562 cells,,,,,,,,,,,,,,,,,,,,,,,
K562_70pct_rc_spike-in_r2,1,PRO,human,SINGLE,K562,fragment_size_PE1 / mRNAcontamination,FALSE,0,SRA,S1,,K562_70pct_RNArc_r2,,K562 RNA spike-in 70pct RC,,K562 cells,,,,,,,,,,,,,,,,,,,,,,,
K562_80pct_rc_spike-in_r2,1,PRO,human,SINGLE,K562,fragment_size_PE1 / mRNAcontamination,FALSE,0,SRA,S1,,K562_80pct_RNArc_r2,,K562 RNA spike-in 80pct RC,,K562 cells,,,,,,,,,,,,,,,,,,,,,,,
K562_90pct_rc_spike-in_r2,1,PRO,human,SINGLE,K562,fragment_size_PE1 / mRNAcontamination,FALSE,0,SRA,S1,,K562_90pct_RNArc_r2,,K562 RNA spike-in 90pct RC,,K562 cells,,,,,,,,,,,,,,,,,,,,,,,
